geo_name_clean,wilayah,ipm_mean,ipm_latest,kemiskinan_mean,kemiskinan_latest,ipm_trend,kemiskinan_trend,cluster,cluster_color
ACEH BARAT,Aceh Barat,71.152,73.69,19.076,17.6,5.28,-3.86,Klaster 3,#f59e0b
ACEH BARAT DAYA,Aceh Barat Daya,66.363,68.75,16.641,15.32,4.98,-2.93,Klaster 3,#f59e0b
ACEH BESAR,Aceh Besar,73.253,75.13,14.314000000000002,13.21,3.43,-2.72,Klaster 3,#f59e0b
ACEH JAYA,Aceh Jaya,69.453,71.83,13.659,12.25,4.3,-3.68,Klaster 3,#f59e0b
ACEH SELATAN,Aceh Selatan,66.523,69.1,13.049000000000001,12.02,5.82,-1.22,Klaster 3,#f59e0b
ACEH SINGKIL,Aceh Singkil,68.598,70.75,20.541,19.06,4.7,-2.66,Klaster 3,#f59e0b
ACEH TAMIANG,Aceh Tamiang,69.29299999999999,72.32,13.507,12.17,5.29,-2.4,Klaster 3,#f59e0b
ACEH TENGAH,Aceh Tengah,73.209,75.41,15.556000000000001,14.27,3.9,-3.24,Klaster 3,#f59e0b
ACEH TENGGARA,Aceh Tenggara,69.225,71.7,13.584,11.99,4.93,-2.92,Klaster 3,#f59e0b
ACEH TIMUR,Aceh Timur,67.387,69.87,14.421000000000001,13.26,5.32,-2.59,Klaster 3,#f59e0b
ACEH UTARA,Aceh Utara,69.087,71.7,17.816,16.11,4.85,-3.09,Klaster 3,#f59e0b
AGAM,Agam,72.233,74.66,6.976000000000001,6.83,4.82,-0.75,Klaster 1,#22c55e
ALOR,Alor,61.004,63.82,21.243000000000002,19.87,5.32,-3.05,Klaster 3,#f59e0b
AMBON,Kota Ambon,80.804,82.56,4.736,5.13,3.26,0.75,Klaster 1,#22c55e
ASAHAN,Asahan,70.118,72.09,9.891,8.12,3.69,-3.97,Klaster 3,#f59e0b
ASMAT,Asmat,50.72833333333333,53.92,26.149,24.5,7.3,-3.98,Klaster 4,#ef4444
BADUNG,Badung,81.417,83.87,2.191,2.23,5.01,-0.1,Klaster 1,#22c55e
BALANGAN,Balangan,68.46000000000001,71.34,5.567,4.87,6.0,-1.0,Klaster 1,#22c55e
BALIKPAPAN,Kota Balikpapan,80.143,82.24,2.605,2.23,4.06,-0.68,Klaster 1,#22c55e
BANDA ACEH,Kota Banda Aceh,85.163,87.17,7.267,6.95,3.92,-0.77,Klaster 1,#22c55e
BANDAR LAMPUNG,Kota Bandar Lampung,77.087,79.19,8.943999999999999,7.37,4.38,-2.96,Klaster 1,#22c55e
BANDUNG,Bandung,76.8765,83.52,5.475,3.87,13.47,-4.13,Klaster 3,#f59e0b
BANDUNG BARAT,Bandung Barat,67.845,70.03,10.893,10.49,4.8,-2.18,Klaster 3,#f59e0b
BANGGAI,Banggai,70.104,72.32,8.148,6.56,4.88,-3.28,Klaster 3,#f59e0b
BANGGAI KEPULAUAN,Banggai Kepulauan,65.166,67.43,14.509,12.32,4.46,-3.76,Klaster 3,#f59e0b
BANGGAI LAUT,Banggai Laut,65.22,67.43,15.197999999999999,13.78,4.53,-3.9,Klaster 3,#f59e0b
BANGKA,Bangka,72.119,73.98,4.878,4.24,3.95,-1.39,Klaster 1,#22c55e
BANGKA BARAT,Bangka Barat,69.042,70.67,2.773,2.59,3.44,-0.49,Klaster 1,#22c55e
BANGKA SELATAN,Bangka Selatan,66.52799999999999,68.86,3.562,3.74,4.97,0.0,Klaster 1,#22c55e
BANGKA TENGAH,Bangka Tengah,70.261,71.9,5.428,5.94,3.24,0.27,Klaster 1,#22c55e
BANGKALAN,Bangkalan,63.80499999999999,66.27,20.337,18.66,4.78,-3.91,Klaster 3,#f59e0b
BANGLI,Bangli,69.09400000000001,71.34,5.041,5.06,5.1,-0.67,Klaster 1,#22c55e
BANJAR,Banjar,70.3745,73.64,4.6259999999999994,5.85,7.25,2.59,Klaster 1,#22c55e
BANJAR BARU,Kota Banjar Baru,79.05499999999999,80.51,4.298,3.79,2.95,-1.11,Klaster 1,#22c55e
BANJARMASIN,Kota Banjarmasin,77.199,79.05,4.446,4.58,3.64,0.14,Klaster 1,#22c55e
BANJARNEGARA,Banjarnegara,67.265,69.6,15.994,14.71,4.87,-3.66,Klaster 3,#f59e0b
BANTAENG,Bantaeng,68.558,71.48,9.183,8.26,5.28,-1.27,Klaster 1,#22c55e
BANTUL,Bantul,79.865,81.74,13.472999999999999,11.66,3.75,-4.67,Klaster 3,#f59e0b
BANYU ASIN,Banyu Asin,66.827,69.51,10.91,9.31,5.36,-3.14,Klaster 3,#f59e0b
BANYUMAS,Banyumas,72.036,74.52,14.206999999999999,11.95,4.63,-5.57,Klaster 3,#f59e0b
BANYUWANGI,Banyuwangi,70.704,73.11,7.944,6.54,5.03,-2.63,Klaster 1,#22c55e
BARITO KUALA,Barito Kuala,66.212,68.84,4.824,4.36,5.31,-1.01,Klaster 1,#22c55e
BARITO SELATAN,Barito Selatan,70.213,72.36,4.6530000000000005,4.83,4.09,-0.24,Klaster 1,#22c55e
BARITO TIMUR,Barito Timur,71.366,73.26,6.845000000000001,6.66,3.55,-1.75,Klaster 1,#22c55e
BARITO UTARA,Barito Utara,70.171,72.31,5.407,5.67,4.93,-0.26,Klaster 1,#22c55e
BARRU,Barru,70.7,73.06,8.83,8.31,4.42,-1.11,Klaster 1,#22c55e
BARU,Kota Baru,68.729,70.61,4.4719999999999995,4.45,4.0,-0.17,Klaster 1,#22c55e
BATAM,Kota Batam,80.989,82.86,4.939,4.85,3.52,-0.23,Klaster 1,#22c55e
BATANG,Batang,68.34299999999999,70.74,9.559000000000001,8.73,5.28,-2.54,Klaster 3,#f59e0b
BATANG HARI,Batang Hari,69.78200000000001,71.67,9.92,8.63,3.62,-2.06,Klaster 1,#22c55e
BATU,Kota Batu,75.774,78.79,3.934,3.06,6.17,-1.65,Klaster 1,#22c55e
BATU BARA,Batu Bara,68.352,70.83,12.015,10.94,4.81,-1.67,Klaster 3,#f59e0b
BAUBAU,Kota Baubau,75.608,78.13,7.845000000000001,7.4,4.54,-1.84,Klaster 1,#22c55e
BEKASI,Bekasi,77.703,83.54,4.648,4.01,12.35,-1.26,Klaster 1,#22c55e
BELITUNG,Belitung,72.314,74.47,7.029000000000001,6.11,4.18,-2.27,Klaster 1,#22c55e
BELITUNG TIMUR,Belitung Timur,70.944,73.19,6.809,6.36,4.36,-0.97,Klaster 1,#22c55e
BELU,Belu,62.435,64.43,15.387,13.86,3.89,-2.95,Klaster 3,#f59e0b
BENER MERIAH,Bener Meriah,72.869,75.01,19.648,18.18,4.39,-3.37,Klaster 3,#f59e0b
BENGKALIS,Bengkalis,73.35900000000001,75.28,6.5569999999999995,6.36,3.99,-1.02,Klaster 1,#22c55e
BENGKAYANG,Bengkayang,67.499,70.3,6.745,6.0,5.65,-0.94,Klaster 1,#22c55e
BENGKULU,BENGKULU,75.5205,82.04,16.6235,13.76,13.45,-4.12,Klaster 3,#f59e0b
BENGKULU SELATAN,Bengkulu Selatan,70.35,72.35,19.156,17.1,3.78,-5.66,Klaster 3,#f59e0b
BENGKULU TENGAH,Bengkulu Tengah,67.274,69.84,9.073,10.14,5.16,1.81,Klaster 1,#22c55e
BENGKULU UTARA,Bengkulu Utara,68.931,71.11,12.203,10.96,3.65,-3.82,Klaster 3,#f59e0b
BERAU,Berau,74.674,76.66,5.353,5.08,3.94,-0.25,Klaster 1,#22c55e
BIAK NUMFOR,Biak Numfor,72.288,73.98,25.137,23.46,3.13,-3.77,Klaster 3,#f59e0b
BIMA,Bima,70.92,78.04,11.8385,8.12,14.56,-7.66,Klaster 3,#f59e0b
BINJAI,Kota Binjai,75.822,78.1,5.8149999999999995,4.75,4.29,-2.28,Klaster 1,#22c55e
BINTAN,Bintan,74.017,76.18,6.205,5.44,4.26,-0.63,Klaster 1,#22c55e
BIREUEN,Bireuen,72.05799999999999,74.45,13.966999999999999,12.1,4.68,-4.84,Klaster 3,#f59e0b
BITUNG,Kota Bitung,73.83,75.71,6.509,6.27,4.07,-0.6,Klaster 1,#22c55e
BLITAR,Blitar,74.562,81.27,8.3505,6.75,13.14,-3.22,Klaster 3,#f59e0b
BLORA,Blora,68.713,71.39,12.190000000000001,11.42,5.17,-2.1,Klaster 3,#f59e0b
BOALEMO,Boalemo,65.75399999999999,68.74,19.634999999999998,17.83,5.88,-3.84,Klaster 3,#f59e0b
BOGOR,Bogor,73.1685,78.52,7.297499999999999,6.53,10.75,-2.43,Klaster 3,#f59e0b
BOJONEGORO,Bojonegoro,68.816,71.78,13.241,11.69,5.61,-4.02,Klaster 3,#f59e0b
BOLAANG MONGONDOW,Bolaang Mongondow,67.648,70.29,7.712999999999999,7.74,5.26,-0.89,Klaster 1,#22c55e
BOLAANG MONGONDOW SELATAN,Bolaang Mongondow Selatan,65.132,67.14,13.196000000000002,11.33,3.42,-3.84,Klaster 3,#f59e0b
BOLAANG MONGONDOW TIMUR,Bolaang Mongondow Timur,66.05,68.53,6.15,5.87,4.72,-1.03,Klaster 1,#22c55e
BOLAANG MONGONDOW UTARA,Bolaang Mongondow Utara,66.88499999999999,69.32,8.461,7.88,4.86,-1.84,Klaster 1,#22c55e
BOMBANA,Bombana,65.75399999999999,68.15,11.187999999999999,10.54,4.5,-2.01,Klaster 3,#f59e0b
BONDOWOSO,Bondowoso,66.155,68.65,14.053,12.6,4.7,-2.36,Klaster 3,#f59e0b
BONE,Bone,65.748,68.36,10.297,9.58,5.25,-0.54,Klaster 1,#22c55e
BONE BOLANGO,Bone Bolango,69.613,72.38,16.625999999999998,14.8,5.55,-3.69,Klaster 3,#f59e0b
BONTANG,Kota Bontang,80.265,82.42,4.568,3.74,3.64,-1.32,Klaster 1,#22c55e
BOVEN DIGOEL,Boven Digoel,61.685,64.26,19.862000000000002,19.24,5.24,-0.26,Klaster 3,#f59e0b
BOYOLALI,Boyolali,73.857,75.96,10.613,9.63,4.22,-2.82,Klaster 1,#22c55e
BREBES,Brebes,65.96900000000001,68.46,17.368000000000002,15.6,5.28,-4.19,Klaster 3,#f59e0b
BUKITTINGGI,Kota Bukittinggi,80.54400000000001,82.51,4.804,4.08,3.79,-1.28,Klaster 1,#22c55e
BULELENG,Buleleng,72.284,74.52,5.771,5.39,4.49,-1.35,Klaster 1,#22c55e
BULUKUMBA,Bulukumba,68.723,71.97,7.476999999999999,6.71,6.39,-1.44,Klaster 1,#22c55e
BULUNGAN,Bulungan,71.392,73.34,9.18,8.76,3.97,0.26,Klaster 1,#22c55e
BUNGO,Bungo,69.90299999999999,71.92,5.665,5.06,3.58,-0.64,Klaster 1,#22c55e
BUOL,Buol,67.83,70.28,14.824000000000002,13.08,4.67,-3.28,Klaster 3,#f59e0b
BURU,Buru,68.694,71.01,17.000999999999998,16.08,5.26,-2.39,Klaster 3,#f59e0b
BURU SELATAN,Buru Selatan,64.264,67.09,16.029,14.91,5.61,-2.67,Klaster 3,#f59e0b
BUTON,Buton,65.822,68.88,13.591,13.99,6.1,0.24,Klaster 1,#22c55e
BUTON SELATAN,Buton Selatan,64.41,67.0,14.598888888888887,14.28,5.0,0.54,Klaster 1,#22c55e
BUTON TENGAH,Buton Tengah,64.154,66.47,15.393333333333333,14.4,4.34,0.71,Klaster 1,#22c55e
BUTON UTARA,Buton Utara,67.764,70.6,14.793000000000001,14.09,5.37,-1.77,Klaster 3,#f59e0b
CIAMIS,Ciamis,70.284,72.56,7.759,7.39,4.54,-1.59,Klaster 1,#22c55e
CIANJUR,Cianjur,64.96900000000001,67.24,10.665000000000001,10.14,4.82,-2.07,Klaster 3,#f59e0b
CILACAP,Cilacap,70.038,72.38,12.025,10.68,4.61,-3.71,Klaster 3,#f59e0b
CILEGON,Kota Cilegon,73.183,75.14,3.6769999999999996,3.75,3.33,-0.35,Klaster 1,#22c55e
CIMAHI,Kota Cimahi,77.993,80.08,5.147,4.39,3.66,-1.45,Klaster 1,#22c55e
CIREBON,Cirebon,71.85499999999999,77.08,10.7105,9.02,11.01,-5.75,Klaster 3,#f59e0b
DAIRI,Dairi,71.444,73.92,8.156,7.1,4.92,-1.99,Klaster 1,#22c55e
DEIYAI,Deiyai,50.01666666666667,52.07,42.195,39.01,3.79,-6.73,Klaster 4,#ef4444
DELI SERDANG,Deli Serdang,75.119,76.92,4.063000000000001,3.44,4.13,-1.3,Klaster 1,#22c55e
DEMAK,Demak,72.018,74.57,12.78,11.89,4.82,-2.55,Klaster 3,#f59e0b
DENPASAR,Kota Denpasar,83.709,85.22,2.4490000000000003,2.59,2.98,0.2,Klaster 1,#22c55e
DEPOK,Kota Depok,80.914,82.91,2.357,2.34,3.8,-0.06,Klaster 1,#22c55e
DHARMASRAYA,Dharmasraya,71.554,74.06,6.306,5.32,4.22,-1.85,Klaster 1,#22c55e
DOGIYAI,Dogiyai,55.19583333333333,57.68,29.841,30.03,4.9,0.93,Klaster 4,#ef4444
DOMPU,Dompu,67.737,70.78,12.879,11.59,6.22,-3.52,Klaster 3,#f59e0b
DONGGALA,Donggala,65.546,67.45,17.327,15.3,3.63,-2.81,Klaster 3,#f59e0b
DUMAI,Kota Dumai,74.358,76.19,3.7969999999999997,3.14,3.99,-2.12,Klaster 1,#22c55e
EMPAT LAWANG,Empat Lawang,65.224,67.25,12.345,10.78,3.7,-2.55,Klaster 3,#f59e0b
ENDE,Ende,67.126,69.11,23.503,22.57,3.57,-0.92,Klaster 3,#f59e0b
ENREKANG,Enrekang,72.463,74.61,12.618,11.25,4.58,-2.57,Klaster 3,#f59e0b
FAK-FAK,Fakfak,67.753,70.39,23.712,20.86,5.47,-6.65,Klaster 3,#f59e0b
FLORES TIMUR,Flores Timur,63.937,66.29,10.842,11.25,5.05,1.59,Klaster 1,#22c55e
GARUT,Garut,65.989,68.79,10.447,9.68,5.58,-3.13,Klaster 3,#f59e0b
GAYO LUES,Gayo Lues,66.748,69.83,20.130000000000003,18.3,6.16,-3.65,Klaster 3,#f59e0b
GIANYAR,Gianyar,77.318,79.82,4.368,4.0,4.79,-0.61,Klaster 1,#22c55e
GORONTALO,GORONTALO,70.75800000000001,79.18,13.593,5.74,13.32,-12.58,Klaster 3,#f59e0b
GORONTALO UTARA,Gorontalo Utara,64.782,67.46,17.740000000000002,16.86,4.91,-2.07,Klaster 3,#f59e0b
GOWA,Gowa,69.668,72.26,7.7,6.85,5.39,-1.42,Klaster 1,#22c55e
GRESIK,Gresik,76.045,78.45,12.002,10.32,4.88,-3.31,Klaster 1,#22c55e
GROBOGAN,Grobogan,69.938,72.02,12.475,11.43,3.97,-2.25,Klaster 3,#f59e0b
GUNUNG KIDUL,Gunung Kidul,69.739,71.89,17.485,15.18,4.48,-6.55,Klaster 3,#f59e0b
GUNUNG MAS,Gunung Mas,70.786,72.73,5.475,5.68,3.49,-0.49,Klaster 1,#22c55e
GUNUNGSITOLI,Kota Gunungsitoli,68.981,71.41,18.235,14.72,5.0,-10.7,Klaster 3,#f59e0b
HALMAHERA BARAT,Halmahera Barat,65.238,67.53,8.822,8.75,4.56,-0.94,Klaster 1,#22c55e
HALMAHERA SELATAN,Halmahera Selatan,63.915,66.66,4.9350000000000005,5.63,5.4,1.02,Klaster 1,#22c55e
HALMAHERA TENGAH,Halmahera Tengah,65.288,68.45,13.27,10.71,6.38,-4.52,Klaster 3,#f59e0b
HALMAHERA TIMUR,Halmahera Timur,66.77000000000001,69.58,14.447999999999999,11.91,5.59,-3.42,Klaster 3,#f59e0b
HALMAHERA UTARA,Halmahera Utara,67.51599999999999,69.78,4.604,4.71,4.74,-0.28,Klaster 1,#22c55e
HULU SUNGAI SELATAN,Hulu Sungai Selatan,68.837,71.21,5.101999999999999,3.38,4.9,-3.07,Klaster 1,#22c55e
HULU SUNGAI TENGAH,Hulu Sungai Tengah,68.69399999999999,70.69,5.941,5.81,4.13,0.0,Klaster 1,#22c55e
HULU SUNGAI UTARA,Hulu Sungai Utara,65.512,68.28,6.481999999999999,5.75,5.79,-1.32,Klaster 1,#22c55e
HUMBANG HASUNDUTAN,Humbang Hasundutan,68.762,71.59,9.222999999999999,8.44,5.56,-1.41,Klaster 1,#22c55e
INDRAGIRI HILIR,Indragiri Hilir,66.65700000000001,68.38,6.678,5.66,3.58,-2.45,Klaster 1,#22c55e
INDRAGIRI HULU,Indragiri Hulu,69.817,71.48,6.456999999999999,6.02,3.48,-1.74,Klaster 1,#22c55e
INDRAMAYU,Indramayu,67.061,69.83,12.816999999999998,11.93,5.47,-3.05,Klaster 3,#f59e0b
INTAN JAYA,Intan Jaya,47.88583333333333,50.71,41.876,41.42,6.36,0.08,Klaster 4,#ef4444
JAKARTA BARAT,Kota Jakarta Barat,81.493,83.64,3.7920000000000003,3.94,3.92,0.3,Klaster 1,#22c55e
JAKARTA PUSAT,Kota Jakarta Pusat,81.325,83.01,4.2780000000000005,4.63,3.32,0.47,Klaster 1,#22c55e
JAKARTA SELATAN,Kota Jakarta Selatan,84.84700000000001,86.94,3.2020000000000004,3.03,3.57,-0.38,Klaster 1,#22c55e
JAKARTA TIMUR,Kota Jakarta Timur,82.623,84.65,3.7030000000000003,4.09,3.92,0.85,Klaster 1,#22c55e
JAKARTA UTARA,Kota Jakarta Utara,80.07000000000001,81.39,6.194,6.44,3.09,0.53,Klaster 1,#22c55e
JAMBI,JAMBI,74.703,81.04,8.2265,7.73,12.15,-1.13,Klaster 1,#22c55e
JAYAPURA,Jayapura,75.88250000000001,81.67,12.0405,10.72,11.63,-3.97,Klaster 3,#f59e0b
JAYAWIJAYA,Jayawijaya,58.13916666666666,61.03,37.184999999999995,32.28,6.85,-7.2,Klaster 4,#ef4444
JEMBER,Jember,66.485,69.15,10.083,9.01,6.11,-2.21,Klaster 3,#f59e0b
JEMBRANA,Jembrana,72.209,74.6,5.0969999999999995,4.51,4.94,-1.33,Klaster 1,#22c55e
JENEPONTO,Jeneponto,63.964999999999996,66.38,14.39,11.82,4.77,-3.36,Klaster 3,#f59e0b
JEPARA,Jepara,71.999,74.32,7.281999999999999,6.09,4.3,-2.41,Klaster 1,#22c55e
JOMBANG,Jombang,72.538,75.1,9.748000000000001,8.6,5.51,-2.19,Klaster 1,#22c55e
KAIMANA,Kaimana,64.522,67.6,16.101999999999997,14.41,6.27,-3.38,Klaster 3,#f59e0b
KAMPAR,Kampar,72.929,74.85,7.773999999999999,6.92,3.57,-2.25,Klaster 1,#22c55e
KAPUAS,Kapuas,69.034,71.32,5.371,5.25,5.25,-0.78,Klaster 1,#22c55e
KAPUAS HULU,Kapuas Hulu,65.68100000000001,68.58,9.022,7.4,4.85,-2.26,Klaster 3,#f59e0b
KARANG ASEM,Karangasem,67.095,69.74,6.587999999999999,6.52,5.06,-0.92,Klaster 1,#22c55e
KARANGANYAR,Karanganyar,75.966,78.11,10.698,9.59,3.85,-2.87,Klaster 1,#22c55e
KARAWANG,Karawang,70.436,72.9,8.751999999999999,7.86,5.24,-2.51,Klaster 1,#22c55e
KARIMUN,Karimun,71.455,74.28,6.656999999999999,5.78,5.07,-0.82,Klaster 1,#22c55e
KARO,Karo,74.482,76.55,8.737,7.37,3.86,-2.31,Klaster 1,#22c55e
KATINGAN,Katingan,68.65299999999999,70.7,5.457,5.26,3.89,-1.27,Klaster 1,#22c55e
KAUR,Kaur,66.697,68.98,19.52,17.12,4.51,-5.75,Klaster 3,#f59e0b
KAYONG UTARA,Kayong Utara,62.688,65.74,9.588,8.84,5.65,-1.0,Klaster 3,#f59e0b
KEBUMEN,Kebumen,69.492,71.93,17.807,15.71,5.06,-4.73,Klaster 3,#f59e0b
KEDIRI,Kediri,75.082,81.35,9.527,6.51,12.44,-6.4,Klaster 3,#f59e0b
KEEROM,Keerom,66.175,68.68,16.301,15.84,5.25,0.01,Klaster 3,#f59e0b
KENDAL,Kendal,71.973,74.34,10.178999999999998,9.35,4.77,-2.27,Klaster 1,#22c55e
KENDARI,Kota Kendari,83.237,85.33,4.784000000000001,4.23,3.9,-1.36,Klaster 1,#22c55e
KEPAHIANG,Kepahiang,67.896,70.27,14.931999999999999,12.9,4.82,-3.93,Klaster 3,#f59e0b
KEPULAUAN ANAMBAS,Kepulauan Anambas,68.406,70.93,6.833,6.67,5.07,0.09,Klaster 1,#22c55e
KEPULAUAN ARU,Kepulauan Aru,63.33,65.83,26.223000000000003,23.39,5.33,-5.25,Klaster 4,#ef4444
KEPULAUAN MENTAWAI,Kepulauan Mentawai,60.822,63.99,14.495,13.89,6.58,-1.63,Klaster 3,#f59e0b
KEPULAUAN MERANTI,Kepulauan Meranti,65.593,67.92,26.961000000000002,23.15,4.67,-10.93,Klaster 4,#ef4444
KEPULAUAN SANGIHE,Kepulauan Sangihe,70.378,72.71,11.383,10.84,5.15,-1.43,Klaster 1,#22c55e
KEPULAUAN SELAYAR,Kepulauan Selayar,67.033,70.03,12.552,10.79,5.71,-2.15,Klaster 3,#f59e0b
KEPULAUAN SERIBU,Kep. Seribu,71.486,74.17,13.123,13.03,5.33,1.63,Klaster 1,#22c55e
KEPULAUAN SULA,Kepulauan Sula,63.370000000000005,65.99,8.429,7.96,5.49,-0.89,Klaster 1,#22c55e
KEPULAUAN TALAUD,Kepulauan Talaud,69.21000000000001,71.77,9.288,8.17,4.85,-1.92,Klaster 1,#22c55e
KEPULAUAN YAPEN,Kepulauan Yapen,67.421,69.65,26.648000000000003,25.69,4.37,-2.01,Klaster 3,#f59e0b
KERINCI,Kerinci,71.04400000000001,73.11,7.434,6.93,4.22,-1.23,Klaster 1,#22c55e
KETAPANG,Ketapang,66.86699999999999,69.42,10.276,8.5,5.39,-3.22,Klaster 3,#f59e0b
KLATEN,Klaten,75.649,78.16,13.177000000000001,12.04,4.35,-2.85,Klaster 1,#22c55e
KLUNGKUNG,Klungkung,71.421,74.04,5.83,5.3,5.06,-1.61,Klaster 1,#22c55e
KOLAKA,Kolaka,72.902,75.18,12.698,11.67,4.71,-3.01,Klaster 3,#f59e0b
KOLAKA TIMUR,Kolaka Timur,66.626,70.27,14.359,13.71,7.53,-1.86,Klaster 3,#f59e0b
KOLAKA UTARA,Kolaka Utara,69.15599999999999,71.7,14.428,13.51,4.8,-3.02,Klaster 3,#f59e0b
KONAWE,Konawe,71.268,73.39,13.790000000000001,13.25,3.83,-2.84,Klaster 3,#f59e0b
KONAWE KEPULAUAN,Konawe Kepulauan,65.027,67.99,16.962,15.54,6.27,-1.19,Klaster 3,#f59e0b
KONAWE SELATAN,Konawe Selatan,68.356,71.19,11.145999999999999,11.2,4.87,-0.38,Klaster 1,#22c55e
KONAWE UTARA,Konawe Utara,69.429,72.32,12.975,13.17,5.88,3.2,Klaster 1,#22c55e
KOTAMOBAGU,Kota Kotamobagu,73.025,75.27,5.593,5.12,4.57,-0.73,Klaster 1,#22c55e
KOTAWARINGIN BARAT,Kotawaringin Barat,72.69800000000001,74.44,4.269,4.11,3.84,-0.96,Klaster 1,#22c55e
KOTAWARINGIN TIMUR,Kotawaringin Timur,70.91499999999999,72.66,5.992,5.66,4.05,-0.76,Klaster 1,#22c55e
KUANTAN SINGINGI,Kuantan Singingi,70.325,72.33,9.218,7.89,4.01,-2.91,Klaster 1,#22c55e
KUBU RAYA,Kubu Raya,67.673,70.25,4.652,4.08,5.23,-1.14,Klaster 1,#22c55e
KUDUS,Kudus,74.9,77.22,7.3420000000000005,7.23,4.5,-0.5,Klaster 1,#22c55e
KULON PROGO,Kulon Progo,74.189,76.14,18.146,15.62,4.62,-5.78,Klaster 3,#f59e0b
KUNINGAN,Kuningan,69.138,71.26,12.714,11.88,4.07,-2.09,Klaster 3,#f59e0b
KUPANG,Kota Kupang,71.772,66.57,15.9425,21.37,-11.38,11.16,Klaster 2,#3b82f6
KUTAI BARAT,Kutai Barat,71.623,74.5,9.295,9.56,5.16,1.23,Klaster 1,#22c55e
KUTAI KARTANEGARA,Kutai Kartanegara,73.718,75.91,7.595000000000001,7.28,4.13,-0.71,Klaster 1,#22c55e
KUTAI TIMUR,Kutai Timur,73.149,75.53,9.297,8.81,4.77,-0.5,Klaster 1,#22c55e
LABUHAN BATU,Labuhan Batu,71.995,74.18,8.515,7.84,3.95,-1.15,Klaster 1,#22c55e
LABUHAN BATU SELATAN,Labuhan Batu Selatan,71.454,73.67,9.446000000000002,7.73,4.0,-3.92,Klaster 3,#f59e0b
LABUHAN BATU UTARA,Labuhan Batu Utara,71.753,74.4,9.995000000000001,8.98,4.71,-2.33,Klaster 1,#22c55e
LAHAT,Lahat,67.428,69.77,16.116999999999997,14.14,4.52,-3.88,Klaster 3,#f59e0b
LAMANDAU,Lamandau,70.248,72.25,3.379,3.25,3.95,-0.7,Klaster 1,#22c55e
LAMONGAN,Lamongan,72.521,75.13,13.652000000000001,12.16,5.29,-3.22,Klaster 3,#f59e0b
LAMPUNG BARAT,Lampung Barat,67.333,69.84,12.892,10.68,5.3,-3.5,Klaster 3,#f59e0b
LAMPUNG SELATAN,Lampung Selatan,68.002,70.28,14.353,12.57,5.06,-3.7,Klaster 3,#f59e0b
LAMPUNG TENGAH,Lampung Tengah,69.982,72.37,11.992,10.37,4.76,-2.93,Klaster 3,#f59e0b
LAMPUNG TIMUR,Lampung Timur,69.407,71.84,15.190999999999999,13.19,4.74,-3.72,Klaster 3,#f59e0b
LAMPUNG UTARA,Lampung Utara,67.499,69.62,19.985,16.92,4.42,-6.28,Klaster 3,#f59e0b
LANDAK,Landak,66.162,69.08,11.237,8.98,4.96,-4.53,Klaster 3,#f59e0b
LANGKAT,Langkat,70.76599999999999,72.73,10.153,9.04,4.2,-2.26,Klaster 1,#22c55e
LANGSA,Kota Langsa,76.914,78.81,10.818999999999999,10.33,4.07,-1.29,Klaster 1,#22c55e
LANNY JAYA,Lanny Jaya,48.305,51.59,38.851,34.12,7.41,-7.85,Klaster 4,#ef4444
LEBAK,Lebak,63.873000000000005,65.86,8.959,8.44,3.83,-1.53,Klaster 1,#22c55e
LEBONG,Lebong,66.986,69.27,11.725,10.45,4.55,-1.87,Klaster 3,#f59e0b
LEMBATA,Lembata,64.463,66.62,25.915,24.22,4.46,-2.91,Klaster 3,#f59e0b
LHOKSEUMAWE,Kota Lhokseumawe,77.25399999999999,79.55,11.342,10.44,4.44,-1.72,Klaster 1,#22c55e
LIMA PULUH KOTA,Lima Puluh Kota,69.482,71.14,7.081,6.92,3.49,-0.73,Klaster 1,#22c55e
LINGGA,Lingga,64.953,68.19,13.266,9.99,6.91,-4.96,Klaster 3,#f59e0b
LOMBOK BARAT,Lombok Barat,67.87899999999999,70.67,14.940000000000001,12.65,6.05,-4.73,Klaster 3,#f59e0b
LOMBOK TENGAH,Lombok Tengah,66.033,69.17,13.964000000000002,12.07,6.43,-4.19,Klaster 3,#f59e0b
LOMBOK TIMUR,Lombok Timur,66.067,69.23,16.448,14.51,6.4,-4.63,Klaster 3,#f59e0b
LOMBOK UTARA,Lombok Utara,64.35,67.24,28.698,23.96,6.09,-10.17,Klaster 4,#ef4444
LUBUK LINGGAU,Kota Lubuklinggau,74.752,76.82,13.065000000000001,11.14,3.65,-4.02,Klaster 3,#f59e0b
LUMAJANG,Lumajang,65.63,68.8,9.959999999999999,8.65,5.78,-2.87,Klaster 3,#f59e0b
LUWU,Luwu,70.35,72.79,13.047,11.7,4.68,-2.19,Klaster 3,#f59e0b
LUWU TIMUR,Luwu Timur,72.75800000000001,74.95,7.065,6.55,4.52,-0.63,Klaster 1,#22c55e
LUWU UTARA,Luwu Utara,69.536,72.07,13.397,11.24,4.63,-2.63,Klaster 3,#f59e0b
MADIUN,Kota Madiun,76.29650000000001,73.74,8.154,10.63,-5.74,5.74,Klaster 2,#3b82f6
MAGELANG,Kota Magelang,74.363,71.99,9.626000000000001,10.83,-4.4,1.78,Klaster 2,#3b82f6
MAGETAN,Magetan,73.65299999999999,75.87,10.275,9.32,4.48,-2.03,Klaster 1,#22c55e
MAHAKAM HULU,Mahakam Ulu,67.447,70.35,11.233,10.75,5.46,0.25,Klaster 1,#22c55e
MAJALENGKA,Majalengka,67.299,69.74,11.822,10.82,4.99,-3.37,Klaster 3,#f59e0b
MAJENE,Majene,66.728,69.42,14.328999999999999,13.64,5.02,-1.93,Klaster 3,#f59e0b
MAKASSAR,Kota Makasar,82.103,83.9,4.62,4.97,3.96,0.59,Klaster 1,#22c55e
MALAKA,Malaka,60.146,62.73,15.889,13.92,5.22,-3.36,Klaster 3,#f59e0b
MALANG,Kota Malang,75.828,72.68,7.2700000000000005,8.98,-7.37,4.38,Klaster 2,#3b82f6
MALINAU,Malinau,71.999,73.9,7.116,6.94,3.75,-0.32,Klaster 1,#22c55e
MALUKU BARAT DAYA,Maluku Barat Daya,61.654999999999994,64.86,29.547000000000004,27.95,6.22,-3.63,Klaster 4,#ef4444
MALUKU TENGAH,Maluku Tengah,71.037,73.21,19.777,17.67,4.36,-4.43,Klaster 3,#f59e0b
MALUKU TENGGARA,Maluku Tenggara,65.90899999999999,68.24,22.943,21.22,4.89,-4.01,Klaster 3,#f59e0b
MALUKU TENGGARA BARAT,Maluku Tenggara Barat,62.653999999999996,64.83,26.667,23.66,4.57,-5.51,Klaster 4,#ef4444
MAMASA,Mamasa,65.664,68.37,13.909,14.2,5.2,-0.51,Klaster 3,#f59e0b
MAMBERAMO RAYA,Mamberamo Raya,51.712,55.0,29.615,30.29,6.71,0.58,Klaster 4,#ef4444
MAMBERAMO TENGAH,Mamberamo Tengah,47.69916666666666,50.72,36.400999999999996,35.27,7.17,-0.27,Klaster 4,#ef4444
MAMUJU,Mamuju,67.725,70.4,7.103,7.15,5.31,0.45,Klaster 1,#22c55e
MAMUJU TENGAH,Mamuju Tengah,65.287,68.36,7.078,7.72,6.14,0.86,Klaster 1,#22c55e
MAMUJU UTARA,Mamuju Utara,67.267,69.73,4.779999999999999,5.21,5.04,0.22,Klaster 1,#22c55e
MANADO,Kota Manado,78.905,80.63,5.634,5.43,3.31,-0.2,Klaster 1,#22c55e
MANDAILING NATAL,Mandailing Natal,66.59400000000001,69.33,9.696,8.69,5.34,-2.44,Klaster 3,#f59e0b
MANGGARAI,Manggarai,64.13300000000001,67.28,20.833000000000002,19.01,6.41,-4.17,Klaster 3,#f59e0b
MANGGARAI BARAT,Manggarai Barat,63.384,66.65,18.082,16.74,6.61,-3.38,Klaster 3,#f59e0b
MANGGARAI TIMUR,Manggarai Timur,60.476,64.2,26.447000000000003,24.9,7.37,-3.74,Klaster 4,#ef4444
MANOKWARI,Manokwari,71.743,73.83,21.558,18.45,3.92,-6.83,Klaster 3,#f59e0b
MANOKWARI SELATAN,Manokwari Selatan,59.472,62.45,30.467000000000002,26.83,5.86,-7.5,Klaster 4,#ef4444
MAPPI,Mappi,58.7075,61.51,25.904000000000003,25.7,5.4,-1.26,Klaster 4,#ef4444
MAROS,Maros,69.676,72.11,10.231,9.32,4.98,-2.53,Klaster 3,#f59e0b
MATARAM,Kota Mataram,78.727,80.6,9.004999999999999,8.0,4.23,-2.45,Klaster 1,#22c55e
MAYBRAT,Maybrat,59.27333333333333,61.83,32.269,29.18,6.05,-6.13,Klaster 4,#ef4444
MEDAN,Kota Medan,80.87100000000001,82.76,8.451,7.94,3.89,-1.47,Klaster 1,#22c55e
MELAWI,Melawi,65.77000000000001,68.66,12.017999999999999,10.62,4.88,-1.95,Klaster 3,#f59e0b
MEMPAWAH,Mempawah,65.67999999999999,68.56,5.363,4.83,5.19,-0.69,Klaster 1,#22c55e
MERANGIN,Merangin,69.236,71.66,9.028,8.4,4.51,-1.4,Klaster 1,#22c55e
MERAUKE,Merauke,70.33416666666666,72.73,10.437000000000001,10.19,4.98,-0.91,Klaster 1,#22c55e
MESUJI,Mesuji,63.349000000000004,66.46,7.3629999999999995,6.31,6.67,-1.89,Klaster 3,#f59e0b
METRO,Kota Metro,76.92699999999999,78.93,8.748000000000001,6.78,3.83,-3.51,Klaster 1,#22c55e
MIMIKA,Mimika,74.14416666666666,76.85,14.534,14.18,5.96,-2.02,Klaster 3,#f59e0b
MINAHASA,Minahasa,75.489,77.74,7.4959999999999996,6.53,4.15,-2.27,Klaster 1,#22c55e
MINAHASA SELATAN,Minahasa Selatan,71.689,74.17,9.389,8.97,4.99,-1.25,Klaster 1,#22c55e
MINAHASA TENGGARA,Minahasa Tenggara,70.315,72.66,13.084999999999999,11.72,4.61,-4.16,Klaster 3,#f59e0b
MINAHASA UTARA,Minahasa Utara,73.56800000000001,75.89,7.170999999999999,6.95,4.8,-1.17,Klaster 1,#22c55e
MOJOKERTO,Kota Mojokerto,75.7855,75.98,7.974500000000001,9.37,0.44,3.21,Klaster 2,#3b82f6
MOROWALI,Morowali,71.599,73.54,13.719,11.55,4.42,-4.25,Klaster 3,#f59e0b
MOROWALI UTARA,Morowali Utara,68.244,70.58,14.509,11.95,4.58,-4.96,Klaster 3,#f59e0b
MUARA ENIM,Muara Enim,68.559,71.0,12.274,9.79,5.18,-4.75,Klaster 3,#f59e0b
MUARO JAMBI,Muaro Jambi,69.128,71.91,4.209,3.65,5.25,-0.98,Klaster 1,#22c55e
MUKOMUKO,Mukomuko,68.176,70.63,11.837,10.76,4.86,-2.69,Klaster 3,#f59e0b
MUNA,Muna,68.701,71.05,13.919,13.78,5.06,-1.67,Klaster 3,#f59e0b
MUNA BARAT,Muna Barat,64.881,68.06,14.282222222222222,13.38,5.77,-2.39,Klaster 3,#f59e0b
MURUNG RAYA,Murung Raya,68.021,70.03,6.247,6.58,3.57,0.01,Klaster 1,#22c55e
MUSI BANYU ASIN,Musi Banyuasin,67.825,70.12,16.024,12.88,4.36,-5.47,Klaster 3,#f59e0b
MUSI RAWAS,Musi Rawas,66.60600000000001,68.95,13.91,13.44,4.84,-1.69,Klaster 3,#f59e0b
MUSI RAWAS UTARA,Musi Rawas Utara,64.578,67.4,19.113,17.38,5.08,-2.35,Klaster 3,#f59e0b
NABIRE,Nabire,68.97666666666667,71.77,24.499000000000002,24.0,5.28,-0.37,Klaster 3,#f59e0b
NAGAN RAYA,Nagan Raya,69.018,71.72,18.316,16.94,4.99,-3.19,Klaster 3,#f59e0b
NAGEKEO,Nagekeo,65.587,67.72,12.95,12.3,4.39,-2.08,Klaster 3,#f59e0b
NATUNA,Natuna,72.64,74.56,4.74,5.04,3.69,0.7,Klaster 1,#22c55e
NDUGA,Nduga,31.611666666666668,36.3,37.202,36.28,10.83,0.39,Klaster 4,#ef4444
NGADA,Ngada,67.47200000000001,69.52,12.464,11.87,4.42,-0.94,Klaster 1,#22c55e
NGANJUK,Nganjuk,71.85900000000001,74.23,11.55,10.17,4.33,-2.52,Klaster 1,#22c55e
NGAWI,Ngawi,70.576,73.09,14.838,13.81,4.77,-1.8,Klaster 3,#f59e0b
NIAS,Nias,61.975,65.55,16.552,14.89,6.7,-3.16,Klaster 3,#f59e0b
NIAS BARAT,Nias Barat,61.32000000000001,64.67,26.012999999999998,22.68,6.42,-7.28,Klaster 4,#ef4444
NIAS SELATAN,Nias Selatan,61.662,65.02,17.208000000000002,16.32,6.28,-2.73,Klaster 3,#f59e0b
NIAS UTARA,Nias Utara,62.293000000000006,65.62,26.157,21.5,5.74,-11.12,Klaster 4,#ef4444
NUNUKAN,Nunukan,66.042,68.52,6.044,5.73,5.17,0.12,Klaster 1,#22c55e
OGAN ILIR,Ogan Ilir,67.043,69.4,13.34,12.3,4.05,-2.13,Klaster 3,#f59e0b
OGAN KOMERING ILIR,Ogan Komering Ilir,66.97999999999999,69.33,14.702000000000002,12.08,4.6,-5.0,Klaster 3,#f59e0b
OGAN KOMERING ULU,Ogan Komering Ulu,69.311,71.55,12.395999999999999,10.68,4.37,-2.54,Klaster 3,#f59e0b
OGAN KOMERING ULU SELATAN,Ogan Komering Ulu Selatan,65.105,67.65,10.742999999999999,9.86,5.08,-1.72,Klaster 3,#f59e0b
OGAN KOMERING ULU TIMUR,Ogan Komering Ulu Timur,69.191,71.55,10.535,9.75,4.38,-1.49,Klaster 1,#22c55e
PACITAN,Pacitan,67.99199999999999,70.74,14.562999999999999,13.08,5.82,-3.6,Klaster 3,#f59e0b
PADANG,Kota Padang,82.451,83.99,4.536,4.06,3.63,-0.87,Klaster 1,#22c55e
PADANG LAWAS,Padang Lawas,68.287,71.27,8.408,7.87,5.28,-0.86,Klaster 1,#22c55e
PADANG LAWAS UTARA,Padang Lawas Utara,69.664,72.32,9.852,8.97,4.97,-2.0,Klaster 1,#22c55e
PADANG PANJANG,Kota Padang Panjang,77.89,80.17,5.799,5.31,4.19,-1.43,Klaster 1,#22c55e
PADANG PARIAMAN,Padang Pariaman,70.439,73.1,7.44,6.27,5.06,-2.59,Klaster 1,#22c55e
PADANG SIDEMPUAN,Kota Padangsidimpuan,74.962,76.96,7.519,6.23,4.16,-2.54,Klaster 1,#22c55e
PAGAR ALAM,Kota Pagar Alam,68.24300000000001,71.19,8.939,8.18,5.82,-1.46,Klaster 1,#22c55e
PAKPAK BHARAT,Pakpak Bharat,67.601,70.36,9.322,6.87,4.83,-4.39,Klaster 3,#f59e0b
PALANGKA RAYA,Kota Palangka Raya,80.526,82.2,3.586,3.52,3.58,-0.39,Klaster 1,#22c55e
PALEMBANG,Kota Palembang,78.354,80.57,11.084,9.77,4.28,-3.08,Klaster 1,#22c55e
PALOPO,Kota Palopo,77.94500000000001,79.94,8.067,7.35,3.67,-1.23,Klaster 1,#22c55e
PALU,Kota Palu,81.26,82.88,6.773000000000001,5.94,3.25,-1.48,Klaster 1,#22c55e
PAMEKASAN,Pamekasan,65.946,68.49,14.962,13.41,5.39,-4.0,Klaster 3,#f59e0b
PANDEGLANG,Pandeglang,64.861,66.99,9.728,9.18,4.27,-1.25,Klaster 1,#22c55e
PANGANDARAN,Pangandaran,67.826,69.85,9.251000000000001,8.75,4.23,-2.01,Klaster 1,#22c55e
PANGKAJENE DAN KEPULAUAN,Pangkajene Dan Kepulauan,68.62899999999999,71.22,14.627,12.41,4.57,-4.29,Klaster 3,#f59e0b
PANGKAL PINANG,Kota Pangkal Pinang,78.196,80.4,4.5969999999999995,4.04,3.79,-0.93,Klaster 1,#22c55e
PANIAI,Paniai,56.471666666666664,58.69,37.086,37.07,4.49,-0.36,Klaster 4,#ef4444
PARE-PARE,Kota Parepare,77.756,79.64,5.522,5.27,3.33,-0.81,Klaster 1,#22c55e
PARIAMAN,Kota Pariaman,76.772,78.88,4.671,4.26,3.9,-1.16,Klaster 1,#22c55e
PARIGI MOUTONG,Parigi Moutong,65.292,67.49,16.232,14.2,4.7,-3.85,Klaster 3,#f59e0b
PASAMAN,Pasaman,66.342,68.89,7.275,6.74,4.88,-1.4,Klaster 1,#22c55e
PASAMAN BARAT,Pasaman Barat,68.17,70.93,7.247,7.0,5.67,-0.93,Klaster 1,#22c55e
PASER,Paser,72.361,74.7,9.083,8.63,4.4,-0.13,Klaster 1,#22c55e
PASURUAN,Kota Pasuruan,71.801,70.73,8.2115,8.63,-3.05,1.16,Klaster 2,#3b82f6
PATI,Pati,71.46000000000001,74.1,10.244,9.17,5.59,-2.78,Klaster 3,#f59e0b
PAYAKUMBUH,Kota Payakumbuh,78.816,80.61,5.856,5.19,3.19,-1.48,Klaster 1,#22c55e
PEGUNUNGAN ARFAK,Pegunungan Arfak,55.949,58.73,35.404,31.76,5.0,-6.77,Klaster 4,#ef4444
PEGUNUNGAN BINTANG,Pegunungan Bintang,45.61166666666667,49.36,30.46,28.95,8.45,-2.6,Klaster 4,#ef4444
PEKALONGAN,Kota Pekalongan,72.249,71.84,8.964,8.95,-0.85,0.86,Klaster 2,#3b82f6
PEKANBARU,Kota Pekanbaru,81.122,82.89,2.9579999999999997,3.15,3.57,-0.12,Klaster 1,#22c55e
PELALAWAN,Pelalawan,71.815,74.08,9.709,8.49,4.26,-3.6,Klaster 3,#f59e0b
PEMALANG,Pemalang,66.155,68.55,16.229,14.92,4.85,-3.38,Klaster 3,#f59e0b
PEMATANG SIANTAR,Kota Pematang Siantar,78.648,81.17,8.7,7.2,4.83,-3.27,Klaster 1,#22c55e
PENAJAM PASER UTARA,Penajam Paser Utara,71.575,73.9,7.35,6.69,4.64,-1.23,Klaster 1,#22c55e
PENUKAL ABAB LEMATANG ILIR,Penukal Abab Lematang Ilir,64.23400000000001,67.48,12.897,9.82,6.65,-5.06,Klaster 3,#f59e0b
PESAWARAN,Pesawaran,65.614,68.52,15.103,11.86,5.82,-5.75,Klaster 3,#f59e0b
PESISIR BARAT,Pesisir Barat,63.708000000000006,66.73,14.586000000000002,12.64,6.18,-3.17,Klaster 3,#f59e0b
PESISIR SELATAN,Pesisir Selatan,69.89099999999999,72.02,7.711,7.49,3.95,-0.97,Klaster 1,#22c55e
PIDIE,Pidie,70.41,72.31,19.877000000000002,18.59,3.63,-2.59,Klaster 3,#f59e0b
PIDIE JAYA,Pidie Jaya,72.944,75.16,19.775,18.28,4.67,-3.12,Klaster 3,#f59e0b
PINRANG,Pinrang,71.137,73.55,8.646,8.55,4.31,0.21,Klaster 1,#22c55e
POHUWATO,Pohuwato,65.213,68.02,19.075,17.11,5.52,-5.32,Klaster 3,#f59e0b
POLEWALI MANDAR,Polewali Mandar,63.628,66.22,16.197,15.66,5.35,-2.56,Klaster 3,#f59e0b
PONOROGO,Ponorogo,70.607,73.01,10.322,9.11,4.85,-2.8,Klaster 3,#f59e0b
PONTIANAK,Kota Pontianak,79.34400000000001,81.57,4.835,4.2,4.05,-1.02,Klaster 1,#22c55e
POSO,Poso,70.88300000000001,72.87,16.133000000000003,14.23,4.74,-3.93,Klaster 3,#f59e0b
PRABUMULIH,Kota Prabumulih,74.687,77.08,11.440999999999999,10.13,3.89,-1.99,Klaster 1,#22c55e
PRINGSEWU,Pringsewu,69.944,72.29,10.236,8.32,4.74,-3.48,Klaster 3,#f59e0b
PROBOLINGGO,Kota Probolinggo,69.58200000000001,68.29,12.967000000000002,16.45,-2.72,8.28,Klaster 2,#3b82f6
PULANG PISAU,Pulang Pisau,68.099,70.27,4.725,4.56,4.51,-1.09,Klaster 1,#22c55e
PULAU MOROTAI,Pulau Morotai,62.323,65.68,6.586,5.11,6.41,-3.28,Klaster 3,#f59e0b
PULAU TALIABU,Pulau Taliabu,60.42999999999999,62.9,7.249,7.13,4.64,0.09,Klaster 1,#22c55e
PUNCAK,Puncak,42.80583333333333,45.6,37.457,37.49,6.19,-1.25,Klaster 4,#ef4444
PUNCAK JAYA,Puncak Jaya,48.590833333333336,51.78,36.132999999999996,35.94,6.91,-1.51,Klaster 4,#ef4444
PURBALINGGA,Purbalingga,68.822,70.69,16.474,14.18,3.66,-5.52,Klaster 3,#f59e0b
PURWAKARTA,Purwakarta,70.44300000000001,72.65,8.532,8.41,4.81,-0.73,Klaster 1,#22c55e
PURWOREJO,Purworejo,72.536,75.11,12.302,10.87,4.74,-3.4,Klaster 3,#f59e0b
RAJA AMPAT,Raja Ampat,63.79333333333333,65.86,18.082,15.83,4.63,-5.11,Klaster 3,#f59e0b
REJANG LEBONG,Rejang Lebong,70.185,72.92,16.178,14.65,5.41,-3.38,Klaster 3,#f59e0b
REMBANG,Rembang,70.12100000000001,72.53,16.077,14.02,4.35,-5.26,Klaster 3,#f59e0b
ROKAN HILIR,Rokan Hilir,69.087,71.2,7.2299999999999995,7.01,4.39,-0.66,Klaster 1,#22c55e
ROKAN HULU,Rokan Hulu,69.53099999999999,71.82,10.449,9.62,4.53,-1.43,Klaster 1,#22c55e
ROTE NDAO,Rote Ndao,61.863,64.59,28.083,25.78,6.27,-4.71,Klaster 4,#ef4444
SABANG,Kota Sabang,75.514,78.32,15.868,14.58,5.81,-3.11,Klaster 3,#f59e0b
SABU RAIJUA,Sabu Raijua,56.553,59.58,30.357,28.13,6.3,-5.04,Klaster 4,#ef4444
SALATIGA,Kota Salatiga,83.111,85.72,4.975,4.57,4.76,-1.23,Klaster 1,#22c55e
SAMARINDA,Kota Samarinda,80.462,82.81,4.72,4.3,4.12,-0.52,Klaster 1,#22c55e
SAMBAS,Sambas,66.87100000000001,69.31,7.918000000000001,6.53,5.17,-2.89,Klaster 3,#f59e0b
SAMOSIR,Samosir,70.53099999999999,72.88,12.934999999999999,11.63,4.45,-2.48,Klaster 3,#f59e0b
SAMPANG,Sampang,61.778,64.65,22.602,20.83,6.47,-4.86,Klaster 4,#ef4444
SANGGAU,Sanggau,65.74600000000001,68.43,4.582,4.67,5.38,0.1,Klaster 1,#22c55e
SARMI,Sarmi,63.597,66.72,13.899000000000001,14.05,5.73,0.2,Klaster 3,#f59e0b
SAROLANGUN,Sarolangun,69.929,72.01,8.834,8.36,3.91,-1.93,Klaster 1,#22c55e
SAWAH LUNTO,Kota Sawah Lunto,72.458,75.13,2.242,2.33,5.26,0.11,Klaster 1,#22c55e
SEKADAU,Sekadau,64.478,67.25,6.0920000000000005,5.66,4.91,-0.84,Klaster 1,#22c55e
SELUMA,Seluma,66.405,68.97,19.496000000000002,17.23,5.56,-5.75,Klaster 3,#f59e0b
SEMARANG,Kota Semarang,78.4375,75.67,5.9475,6.96,-4.56,1.99,Klaster 2,#3b82f6
SERAM BAGIAN BARAT,Seram Bagian Barat,65.58200000000001,68.39,24.645,22.31,5.37,-4.04,Klaster 3,#f59e0b
SERAM BAGIAN TIMUR,Seram Bagian Timur,63.573,66.24,22.937,21.03,5.97,-4.34,Klaster 3,#f59e0b
SERANG,Kota Serang,69.4035,69.03,5.307,4.51,-1.48,-1.77,Klaster 2,#3b82f6
SERDANG BEDAGAI,Serdang Bedagai,70.207,72.47,8.304,6.97,4.46,-2.62,Klaster 1,#22c55e
SERUYAN,Seruyan,67.214,69.05,7.436,7.08,4.28,-1.42,Klaster 1,#22c55e
SIAK,Siak,73.84400000000001,75.45,5.311,5.08,3.28,-0.59,Klaster 1,#22c55e
SIAU TAGULANDANG BIARO,Siau Tagulandang Biaro,67.54299999999999,70.31,9.443,8.32,5.31,-2.61,Klaster 3,#f59e0b
SIBOLGA,Kota Sibolga,73.515,75.66,12.376999999999999,11.39,4.02,-2.09,Klaster 1,#22c55e
SIDENRENG RAPPANG,Sidenreng Rappang,71.061,73.21,5.163,5.02,4.21,-0.53,Klaster 1,#22c55e
SIDOARJO,Sidoarjo,79.96700000000001,82.31,5.648000000000001,4.53,4.88,-1.91,Klaster 1,#22c55e
SIGI,Sigi,67.994,70.51,12.637,12.06,5.16,-0.69,Klaster 1,#22c55e
SIJUNJUNG,Sijunjung,67.671,70.23,6.821,5.78,4.93,-2.09,Klaster 1,#22c55e
SIKKA,Sikka,64.683,67.41,13.369,11.89,5.6,-2.39,Klaster 3,#f59e0b
SIMALUNGUN,Simalungun,72.97,74.97,9.166,7.72,3.73,-3.24,Klaster 1,#22c55e
SIMEULUE,Simeulue,65.861,69.01,19.078,17.69,5.85,-2.74,Klaster 3,#f59e0b
SINGKAWANG,Kota Singkawang,71.738,73.87,4.9799999999999995,4.53,3.84,-1.23,Klaster 1,#22c55e
SINJAI,Sinjai,67.10499999999999,69.52,8.934000000000001,7.82,5.04,-1.44,Klaster 1,#22c55e
SINTANG,Sintang,66.66499999999999,69.42,9.293,8.03,5.24,-1.3,Klaster 1,#22c55e
SITUBONDO,Situbondo,67.112,69.75,12.308,11.51,5.22,-2.12,Klaster 3,#f59e0b
SLEMAN,Sleman,83.6,85.61,8.034,7.46,4.41,-2.0,Klaster 1,#22c55e
SOLOK,Kota Solok,73.672,71.02,5.7915,7.31,-5.81,3.19,Klaster 2,#3b82f6
SOLOK SELATAN,Solok Selatan,68.982,71.5,7.067,6.56,4.41,-0.96,Klaster 1,#22c55e
SOPPENG,Soppeng,68.314,71.39,7.684,6.9,6.06,-1.46,Klaster 1,#22c55e
SORONG,Kota Sorong,71.82916666666667,68.29,22.578,25.71,-7.62,8.15,Klaster 2,#3b82f6
SORONG SELATAN,Sorong Selatan,62.02916666666667,64.5,18.875999999999998,17.83,5.9,-2.55,Klaster 3,#f59e0b
SRAGEN,Sragen,73.463,75.53,13.459999999999999,12.41,4.43,-2.45,Klaster 1,#22c55e
SUBANG,Subang,68.84,71.36,9.898,9.49,4.84,-2.78,Klaster 3,#f59e0b
SUBULUSSALAM,Kota Subulussalam,64.586,68.04,18.111,16.38,6.72,-4.01,Klaster 3,#f59e0b
SUKABUMI,Kota Sukabumi,70.4735,68.97,7.622,6.87,-2.87,-1.92,Klaster 2,#3b82f6
SUKAMARA,Sukamara,67.91799999999999,69.85,3.647,4.14,4.05,-0.18,Klaster 1,#22c55e
SUKOHARJO,Sukoharjo,76.806,79.3,8.02,7.47,4.77,-1.79,Klaster 1,#22c55e
SUMBA BARAT,Sumba Barat,63.504999999999995,66.06,28.369999999999997,26.52,4.7,-4.04,Klaster 4,#ef4444
SUMBA BARAT DAYA,Sumba Barat Daya,62.352,64.27,28.573,27.2,3.74,-2.81,Klaster 4,#ef4444
SUMBA TENGAH,Sumba Tengah,61.073,64.31,34.214,30.84,6.4,-5.38,Klaster 4,#ef4444
SUMBA TIMUR,Sumba Timur,65.21000000000001,67.68,29.701999999999998,27.04,5.14,-4.7,Klaster 4,#ef4444
SUMBAWA,Sumbawa,67.394,70.55,14.398,12.87,6.64,-3.86,Klaster 3,#f59e0b
SUMBAWA BARAT,Sumbawa Barat,71.311,73.86,14.253,12.23,5.48,-4.74,Klaster 3,#f59e0b
SUMEDANG,Sumedang,71.42999999999999,73.73,10.084,9.1,4.44,-2.26,Klaster 1,#22c55e
SUMENEP,Sumenep,66.076,69.26,19.548000000000002,17.78,6.88,-2.42,Klaster 3,#f59e0b
SUNGAI PENUH,Kota Sungai Penuh,75.15,77.4,3.024,2.92,4.37,-0.51,Klaster 1,#22c55e
SUPIORI,Supiori,62.448,65.15,37.988,37.72,5.06,-1.53,Klaster 4,#ef4444
SURABAYA,Kota Surabaya,81.975,84.14,4.981,3.96,4.67,-1.86,Klaster 1,#22c55e
SURAKARTA,Kota Surakarta,82.092,84.4,9.422,8.31,4.26,-2.58,Klaster 1,#22c55e
TABALONG,Tabalong,71.928,74.41,6.026,5.64,5.06,-0.95,Klaster 1,#22c55e
TABANAN,Tabanan,75.94200000000001,78.42,4.7780000000000005,4.4,4.88,-1.12,Klaster 1,#22c55e
TAKALAR,Takalar,66.923,69.47,8.675,7.75,5.4,-1.73,Klaster 1,#22c55e
TAMBRAUW,Tambrauw,53.318333333333335,56.32,33.924,29.88,6.55,-8.23,Klaster 4,#ef4444
TANA TIDUNG,Tana Tidung,67.42699999999999,70.08,5.239,4.47,5.16,-1.88,Klaster 1,#22c55e
TANA TORAJA,Tana Toraja,68.525,71.67,12.236,10.79,5.92,-1.67,Klaster 3,#f59e0b
TANAH BUMBU,Tanah Bumbu,70.429,72.95,4.675,3.41,5.37,-2.14,Klaster 1,#22c55e
TANAH DATAR,Tanah Datar,72.03200000000001,74.9,4.868,4.28,5.41,-1.54,Klaster 1,#22c55e
TANAH LAUT,Tanah Laut,69.197,71.43,4.29,3.74,4.44,-0.84,Klaster 1,#22c55e
TANGERANG,Kota Tangerang,75.053,74.09,5.641,6.55,-1.99,1.51,Klaster 2,#3b82f6
TANGERANG SELATAN,Kota Tangerang Selatan,81.306,82.89,2.077,2.36,3.51,0.67,Klaster 1,#22c55e
TANGGAMUS,Tanggamus,66.172,68.52,12.136,10.28,4.86,-3.98,Klaster 3,#f59e0b
TANJUNG BALAI,Kota Tanjung Balai,68.689,71.1,13.607,11.97,4.36,-3.11,Klaster 3,#f59e0b
TANJUNG JABUNG BARAT,Tanjung Jabung Barat,67.553,69.93,10.779,9.54,4.9,-3.09,Klaster 3,#f59e0b
TANJUNG JABUNG TIMUR,Tanjung Jabung Timur,64.215,67.54,11.767,10.14,6.42,-4.03,Klaster 3,#f59e0b
TANJUNG PINANG,Kota Tanjung Pinang,78.874,80.63,9.006,6.86,3.06,-2.7,Klaster 1,#22c55e
TAPANULI SELATAN,Tapanuli Selatan,69.827,72.14,9.015,6.92,4.51,-4.45,Klaster 3,#f59e0b
TAPANULI TENGAH,Tapanuli Tengah,69.1,71.52,13.0,11.8,4.46,-3.2,Klaster 3,#f59e0b
TAPANULI UTARA,Tapanuli Utara,73.315,75.23,9.801,8.21,3.91,-3.2,Klaster 1,#22c55e
TAPIN,Tapin,70.003,72.51,3.524,3.33,4.84,-0.55,Klaster 1,#22c55e
TARAKAN,Kota Tarakan,76.086,77.96,5.965999999999999,5.56,3.26,0.45,Klaster 1,#22c55e
TASIKMALAYA,Kota Tasikmalaya,69.1345,68.36,11.9105,10.23,-1.63,-6.05,Klaster 3,#f59e0b
TEBING TINGGI,Kota Tebing Tinggi,75.10600000000001,77.45,10.386,8.79,4.64,-3.24,Klaster 1,#22c55e
TEBO,Tebo,69.14099999999999,71.32,6.569,6.12,4.03,-1.0,Klaster 1,#22c55e
TEGAL,Kota Tegal,71.58099999999999,70.77,8.171,6.81,-2.19,-1.45,Klaster 2,#3b82f6
TELUK BINTUNI,Teluk Bintuni,63.964,66.75,31.171,26.99,5.66,-9.67,Klaster 4,#ef4444
TELUK WONDAMA,Teluk Wondama,59.602,62.36,32.587,28.47,5.72,-8.97,Klaster 4,#ef4444
TEMANGGUNG,Temanggung,69.482,71.87,10.15,8.67,4.8,-3.09,Klaster 3,#f59e0b
TERNATE,Kota Ternate,79.732,82.12,3.118,3.14,4.48,0.15,Klaster 1,#22c55e
TIDORE KEPULAUAN,Kota Tidore Kepulauan,70.417,72.91,5.995,6.56,5.46,1.18,Klaster 1,#22c55e
TIMOR TENGAH SELATAN,Timor Tengah Selatan,62.013999999999996,64.36,27.582,24.68,4.46,-6.44,Klaster 4,#ef4444
TIMOR TENGAH UTARA,Timor Tengah Utara,63.299,65.83,22.669,20.89,4.87,-4.31,Klaster 3,#f59e0b
TOBA SAMOSIR,Toba Samosir,75.00800000000001,76.91,9.045,8.07,3.51,-2.14,Klaster 1,#22c55e
TOJO UNA-UNA,Tojo Una-Una,64.23400000000001,66.97,17.314,16.36,5.64,-2.43,Klaster 3,#f59e0b
TOLI-TOLI,Toli-Toli,65.48400000000001,68.37,13.156,12.45,5.65,-1.19,Klaster 3,#f59e0b
TOLIKARA,Tolikara,49.586666666666666,52.05,32.513999999999996,31.22,5.67,-2.78,Klaster 4,#ef4444
TOMOHON,Kota Tomohon,76.50399999999999,78.89,5.891,5.38,4.53,-1.4,Klaster 1,#22c55e
TORAJA UTARA,Toraja Utara,69.239,71.85,12.844999999999999,10.73,5.09,-4.46,Klaster 3,#f59e0b
TRENGGALEK,Trenggalek,69.607,72.24,11.844,10.5,4.99,-2.89,Klaster 3,#f59e0b
TUAL,Kota Tual,67.64,70.21,22.676,20.01,5.01,-4.89,Klaster 3,#f59e0b
TUBAN,Tuban,68.283,71.23,15.749,14.36,5.71,-2.72,Klaster 3,#f59e0b
TULANG BAWANG BARAT,Tulang Bawang Barat,65.818,68.46,7.821000000000001,7.22,5.45,-1.01,Klaster 1,#22c55e
TULANGBAWANG,Tulangbawang,68.328,70.66,9.293,7.88,4.58,-2.37,Klaster 1,#22c55e
TULUNGAGUNG,Tulungagung,72.66499999999999,75.09,7.321,6.28,5.02,-2.29,Klaster 1,#22c55e
WAJO,Wajo,69.187,71.52,7.01,6.47,4.62,-1.19,Klaster 1,#22c55e
WAKATOBI,Wakatobi,69.387,72.02,15.206999999999999,14.36,4.8,-2.52,Klaster 3,#f59e0b
WAROPEN,Waropen,64.876,66.92,30.357999999999997,29.85,4.57,-1.56,Klaster 4,#ef4444
WAY KANAN,Way Kanan,67.17,69.31,12.904,10.43,4.13,-4.18,Klaster 3,#f59e0b
WONOGIRI,Wonogiri,70.03,72.55,11.504999999999999,10.71,4.79,-2.27,Klaster 3,#f59e0b
WONOSOBO,Wonosobo,67.959,69.82,17.857,15.28,4.12,-6.17,Klaster 3,#f59e0b
YAHUKIMO,Yahukimo,49.431666666666665,51.98,38.037,33.82,5.35,-7.44,Klaster 4,#ef4444
YALIMO,Yalimo,48.45083333333333,51.85,33.536,30.02,7.53,-5.86,Klaster 4,#ef4444
YOGYAKARTA,Kota Yogyakarta,86.666,88.77,7.223999999999999,6.26,4.21,-2.49,Klaster 1,#22c55e
